{
  "profile_version": "0.1.2",
  "hardware_id": "Eye-Scream",
  "timestamp": "2026-01-11T20:00:00",
  "cpu_arch": "AMD64",
  "cpu_model": "AMD Ryzen 9 6900HX",
  "cpu_cores_physical": 8,
  "cpu_cores_logical": 16,
  "cache_line_bytes": 64,
  "gpu_present": true,
  "gpu_name": "NVIDIA GeForce RTX 3080 Laptop GPU",
  "blas_backend": "openblas",
  "blas_version": "0.3.29",
  "blas_config": "USE64BITINT DYNAMIC_ARCH Haswell MAX_THREADS=24",
  "simd_extensions": ["SSE", "SSE2", "SSE3", "SSSE3", "SSE41", "SSE42", "AVX", "F16C", "FMA3", "AVX2"],
  "float32_speedup": 1.92,
  "transpose_breakeven": 518.0,
  "sweet_spots_float32": {
    "256": 256,
    "512": 512,
    "1024": 1024,
    "2048": 2048,
    "4096": 4096
  },
  "sweet_spots_float64": {
    "256": 256,
    "512": 512,
    "1024": 1028,
    "2048": 2056,
    "4096": 4092
  },
  "gains_float32": {
    "256": 0.0,
    "512": 0.0,
    "1024": 0.0,
    "2048": 0.0,
    "4096": 0.0
  },
  "gains_float64": {
    "256": 0.0,
    "512": 0.0,
    "1024": 0.5,
    "2048": 9.1,
    "4096": 5.3
  },
  "validation": {
    "endurance_laps": 266,
    "endurance_win_rate": 94.7,
    "endurance_avg_speedup": 9.1,
    "quantum_dive_float64_speedup": 5.5
  }
}
